
--DELETE FROM public.levels;

INSERT INTO public.levels(
	level_id, level_stud)
	VALUES 
	(0, 'no level'),
	(1, 'beginner'),
	(2, 'intermediate'),
	(3, 'advanced');

--DELETE FROM public.levels;

INSERT INTO public.lessons(
	lessons_id, type_lessons)
	VALUES 
	(0, 'no lessons type'),
	(1, 'individual'),
	(2, 'group'),
	(3, 'ensemble');

--DELETE FROM public.ensemble_genre;

INSERT INTO public.ensemble_genre(
	ensembles_id, gentre_ensembles)
	VALUES 
	(1, 'punk rock'),
	(2, 'gospel band'),
	(3, 'сlassical music');
	
--DELETE FROM public.brands;

INSERT INTO public.brands(
	brand_id, brand)
	VALUES 
	INSERT INTO brands(brand) 
	VALUES
	(1,'Gibson'),
	(2,'Harman Professional'),
	(3,'Shure'),
	(4,'Yamaha'),
	(5,'Fender Musical Instruments'),
	(6,'Steinway Musical Instruments'),
	(7,'Sennheiser'),
	(8,'Roland');

--DELETE FROM public.types_instruments;

INSERT INTO public.types_instruments(
	type_id, types_instrum)
        VALUES 
		(1,'Strings'),
		(2,'Wind'),
		(3,'Reed'),
		(4,'Drums'),
		(5,'Percussion'),
		(6,'Keyboards'),
		(7,'Mechanical'),
		(8,'Electronic');

--DELETE FROM public.storage_places;

INSERT INTO public.storage_places(
	place_id, storage_places)
	VALUES 
	(1, 'lease agreement'),
	(2, 'balance in stock'),
	(3, 'under repair'),
	(4, 'written off the balance sheet');





--DELETE FROM public.mus_instruments;

INSERT INTO public.mus_instruments(
	instrument_id, instruments, quantities, brand_id, type_id)
	VALUES 
	(1, 'Violin', 10, 2, 1),
	(2, 'Piano', 6, 1, 6),
	(3, 'Guitar', 8, 4, 7),
	(4, 'Drums', 4, 5, 4),
	(5, 'cello', 10, 3, 1),
	(6, 'electric guitar', 7, 6, 8),
	(7, 'Trumpet', 9, 7, 2),	
	(8, 'Flutes', 6, 8, 3);

		

--DELETE FROM public.relatives;

INSERT INTO public.relatives(
	relativ_id, relationship)
	VALUES 
	(1, 'Father'),
	(2,'Mother'),
	(3,'Grandfather'),
	(4,'Grandmother'),
	(5,'Great-grandfather'),
	(6,'Uncle'),
	(7,'Aunt'),
	(8,'Cousins');	
	

-- DELETE FROM public.address;

INSERT INTO public.address(
	address_id, postal_code, city, street, home, room)
	VALUES
  (1, 8351,'Vladimir','P.O. Box 385, 892 Enim. Ave',55,101),
  (2,05241447,'Portland','1264 Suspendisse Street',30,8),
  (3,3369,'Balfour','Ap #981-2375 Vitae Rd.',36,183),
  (4,7671,'Tam dảo','Ap #875-6855 At Ave',70,156),
  (5,0221257621,'Kettering','172-6634 Risus Avenue',52,47),
  (6,464480,'Dieppe','P.O. Box 961, 7719 Vulputate Rd.',65,78),
  (7,18291,'Montes Claros','5071 Amet Rd.',91,60),
  (8,74026,'Chuncheon','Ap #932-6217 Nonummy Ave',49,19),
  (9,819151,'Malakand','721 Quam. St.',55,4),
  (10,6196,'Lozova','Tellus. Ave',87,195),
  (11,12354,'Stockhom','Nibh. Av',1,46),
  (12,99856,'Stockhom','Egestas. St.',55,001),
  (13,3457,'Stockhom','Penatibus Rd. St.',34,15),
  (14,06347,'Stockhom','Metus Street',208,85),
  (15,887533,'Stockhom','9306 Dis Road',99,32),
  (16,645673,'Stockhom','Vulputate, Ave',345,976),
  (17,00453,'Stockhom','Viverra. St.',7,6),
  (18,238609,'Stockhom','Tellus Road',9,111);



  

--DELETE FROM contact_detail;

  INSERT INTO public.contact_detail(
	contact_id, telephone, e_mail)
	VALUES 
  (1,'(205) 543-2518','venenatis.vel.faucibus@protonmail.com'),
  (2,'(573) 214-0115','nunc@aol.com'),
  (3,'1-518-618-4727','faucibus.orci@icloud.com'),
  (4,'(748) 845-1422','sed.dolor@icloud.com'),
  (5,'1-911-414-1024','pellentesque.massa.lobortis@icloud.ca'),
  (6,'(614) 361-7317','commodo.ipsum.suspendisse@google.ca'),
  (7,'1-317-718-4777','molestie.orci@hotmail.ca'),
  (8,'1-745-878-0357','magna.sed.dui@hotmail.com'),
  (9,'(310) 265-7931','vel.est@google.couk'),
  (10,'1-625-358-2289','tincidunt.neque@yahoo.org'),
  (11,'1-367-646-4810','penatibus.et@protonmail.couk'),
  (12,'(212) 908-6557','tempus.eu@outlook.org'),
  (13,'1-175-876-6642','fames.ac@hotmail.com'),
  (14,'(+46) 265-885421','sed@google.com'),
  (15,'(+10) 345-79781','amet.metus@aol.couk'),
  (16,'(355) 707-6026','orci@icloud.ca'),
  (17,'(718) 866-9733','tempor@hotmail.edu'),
  (18,'(582) 607-8922','idrty@yahoo.edu'),
  (19,'(+46) 346-3564','magna.cras@aol.edu'),
  (20,'1-666-315-6032','elementum.dui@icloud.com'),
  (21,'(236) 256-5121','egestas@outlook.org'),
  (22,'1-214-662-8621','orrewci.adipiscing@hotmail.org'),
  (23,'(495) 937-6437','ullamcorper.duis@outlook.ca'),
  (24,'(666) 954-2361','mauris.suspendisse@yahoo.org'),
  (25,'(161) 464-9536','lacinia.vitae@outlook.edu'),
  (26,'(+46) 566-34655','uyew@outlook.edu'),
  (27,'(+46) 456-23156','phasellus@protonmail.com'),
  (28,'(+46) 642-33469','placerat.cras@hotmail.com'),
  (29,'(+10) 097-98743','natoque@outlook.ca'),
  (30,'(+10) 245-67423','enim@google.org');
  
	
		
--DELETE FROM public.persons;

INSERT INTO public.persons(
	person_id, name_per, surname_per, student_numb, contact_id, address_id, relativ_id)
	VALUES 
  (5000,'Eaton','Holland',104,11,2,1),
  (5001,'Christopher','Holland',105,12,2,1),
  (5002,'Keefe','Morrison',100,13,1,2),
  (5003,'Tana','Velasquez',102,14,4,2),
  (5004,'Zelenia','Mason',103,15,6,1),
  (5005,'Chancellor','Morrison',101,16,1,1),
  (5006,'Octavius','Nunez',107,17,4,7),
  (5007,'Tucker','Mcguire',109,18,3,5),
  (5008,'Christopher','Callahan',108,19,6,7),
  (5009,'Lane','Holland',106,20,2,2);


--DELETE FROM public.student;
	INSERT INTO public.student(
	student_numb, firstname, surname, address_id, details_id, person_id)
	VALUES 
  (100,'Austin','Morrison',1,1,5000),
  (101,'Mccarty','Morrison',1,2,5000),
  (102,'Allegra','Velasquez',3,3,5003),
  (103,'Walker','Mason',6,4,5004),
  (104,'Indira','Holland',2,5,5005),
  (105,'Page','Holland',2,6,5005),
  (106,'Yoshio','Holland',2,7,5007),
  (107,'Henry','Zamora',4,8,5008),
  (108,'Sopoline','Hood',5,9,5009),
  (109,'Reuben','Ray',6,10,5001);
  

--DELETE FROM public.sibling;

INSERT INTO public.sibling(
	student_numb, person_sibling)
	VALUES 
	(100, 101),
	(104, 105),
	(105, 106);
	
--DELETE FROM public.price;

INSERT INTO public.price(
	price_id, price_start, price_finish, lessons_id, levels_id, type_service, price_service, unit_measur)
	VALUES 
	(1, '2000-01-01', '2050-01-01', 0, 0, 'Rent instruments', 100, 'SWK'),
	(2, '2000-01-01', '2050-01-01', 0, 0,'Home delivery', 0, 'SWK'),
	(3, '2000-01-01', '2050-01-01', 1, 1,'Individual beginner', 100, 'SWK'),
	(4, '2000-01-01', '2050-01-01', 1, 2,'Individual intermedia', 100, 'SWK'),
	(5, '2000-01-01', '2050-01-01', 1, 3,'Individual advanced', 200, 'SWK'),
	(6, '2000-01-01', '2050-01-01', 2, 0,'Group lessons', 50, 'SWK'),
	(7, '2000-01-01', '2050-01-01', 3, 0,'Ensembles', 60, 'SWK'),
	(8, '2000-01-01', '2050-01-01', 0, 0,'Sibling discounts', 5, '%');


--DELETE FROM public.time_slot;	

INSERT INTO public.time_slot(
	time_slot_id, start_time, end_time)
	VALUES 
	(1, 8, 9),
	(2, 9, 10),
	(3, 10, 11),
	(4, 11, 12),
	(5, 12, 13),
	(6, 13, 14),
	(7, 14, 15),
	(8, 15, 16),
	(9, 16, 17),
	(10, 17, 18),
	(11, 18, 19);


--DELETE FROM public.numb_places;	


INSERT INTO public.numb_places(
	place_id, numb_places)
	VALUES 
	(1, 1),
	(2, 2),
	(3, 3),
	(4, 4),
	(5, 5),
	(6, 6),
	(7, 7),
	(8, 8),
	(9, 9),
	(10, 10);
	



--DELETE FROM public.instructor;

INSERT INTO public.instructor(
	instruktor_numb, name_inst, surname_inst, address_id, contact_id)
	VALUES 
	(1000, 'Charde','Benjamin', 7, 20),
	(1001, 'Rhoda','Francis', 8, 21),
	(1002, 'Freya','Ferguson', 9, 22),
	(1003, 'Madeline','Pittman', 10, 23),
	(1004, 'Kevyn','Erickson', 11, 24),
	(1005, 'Elmo','Carr', 12, 25);


--DELETE FROM public.hold_instrument;

INSERT INTO public.hold_instrument(
	hold_id, inst_stud_id, instrument_id, level_id)
	VALUES 
	(1, 1000, 1, 3),
	(2, 1000, 5, 3),
	(3, 1001, 7, 3),
	(4, 1001, 8, 3),
	(5, 1001, 2, 3),
	(6, 1002, 3, 3),
	(7, 1002, 6, 3),
	(8, 1003, 1, 3),
	(9, 1004, 4, 3),
	(10, 100, 2, 1),
	(11, 101, 1, 1),
	(12, 102, 3, 1),
	(13, 103, 4, 1),
	(14, 104, 5, 1),
	(15, 105, 6, 2),
	(16, 106, 7, 1),
	(17, 107, 8, 2),
	(18, 108, 7, 1),
	(19, 109, 1, 2),
	(20, 109, 2, 2);
	

--DELETE FROM public.booking_individual;

INSERT INTO public.booking_individual(
	indiv_id, student_numb, period_start, period_end, numb_lessons, instrument_id, lessons_id, level_id, instructor_id)
	VALUES 
	(1, 100, '2024-09-01', '2004-09-30', 10, 2, 1, 1, 1001),
	(2, 101, '2024-09-01', '2004-09-30', 9, 1, 1, 1, 1003),
	(3, 102, '2024-09-01', '2004-09-30', 11, 3, 1, 1, 1002),
	(4, 103, '2024-09-10', '2004-09-10', 3, 4, 1, 1, 1004),
	(5, 103, '2024-09-01', '2004-09-30', 5, 4, 1, 1, 1004),
	(6, 104, '2024-09-01', '2004-09-30', 10, 5, 1, 1, 1000),
	(7, 105, '2024-09-01', '2004-09-30', 4, 6, 1, 2, 1002),
	(8, 106, '2024-09-01', '2004-09-30', 8, 7, 1, 1, 1001),
	(9, 107, '2024-09-01', '2004-09-30', 9, 8, 1, 2, 1001),
	(10, 108, '2024-09-01', '2004-09-30', 9, 7, 1, 1, 1001),
	(11, 109, '2024-09-01', '2004-09-30', 4, 1, 1, 2, 1000),
	(12, 109, '2024-09-01', '2004-09-30', 5, 2, 1, 2, 1001),
	
	(13, 100, '2024-10-01', '2004-10-31', 6, 2, 1, 1, 1001),
	(14, 101, '2024-10-01', '2004-10-31', 8, 1, 1, 1, 1003),
	(15, 102, '2024-10-01', '2004-10-31', 9, 3, 1, 1, 1002),
	(16, 103, '2024-10-10', '2004-10-31', 3, 4, 1, 1, 1004),
	(17, 104, '2024-10-01', '2004-10-31', 5, 5, 1, 1, 1000),
	(18, 105, '2024-10-01', '2004-10-31', 10, 6, 1, 2, 1002),
	(19, 106, '2024-10-01', '2004-10-31', 13, 7, 1, 1, 1001),
	(20, 107, '2024-10-01', '2004-10-31', 8, 8, 1, 2, 1001),
	(21, 108, '2024-10-01', '2004-10-31', 9, 7, 1, 1, 1001),
	(22, 109, '2024-10-01', '2004-10-15', 7, 1, 1, 2, 1000),
	(23, 109, '2024-10-16', '2004-10-31', 5, 2, 1, 2, 1001);



--DELETE FROM public.ensemble;

INSERT INTO public.ensemble(
	ensem_id, students_numb, ensembles_id, data_ensem, time_slot_id, min_students, max_students, lessons_id, instructor_id)
	VALUES  
	(1, 100, 1, '2024-09-01', 1, 1, 9, 3, 1000),
	(2, 101, 1, '2024-09-01', 1, 1, 9, 3, 1000),
	(3, 102, 1, '2024-09-01', 1, 1, 9, 3, 1000),
	(4, 103, 1, '2024-09-01', 1, 1, 9, 3, 1000),
	
	(5, 104, 2, '2024-09-08', 2, 1, 5, 3, 1001),
	(6, 105, 2, '2024-09-08', 2, 1, 5, 3, 1001),
	(7, 106, 2, '2024-09-08', 2, 1, 5, 3, 1001),

	(8, 107, 3, '2024-09-16', 3, 1, 7, 3, 1004),
	(9, 108, 3, '2024-09-16', 3, 1, 7, 3, 1004),
	(10, 109, 3, '2024-09-16', 3, 1, 7, 3, 1004),

	(11, 100, 1, '2024-10-01', 1, 1, 9, 3, 1000),
	(12, 101, 1, '2024-10-01', 1, 1, 9, 3, 1000),
	(13, 102, 1, '2024-10-01', 1, 1, 9, 3, 1000),
	(14, 103, 1, '2024-10-01', 1, 1, 9, 3, 1000),
	
	(15, 104, 2, '2024-10-08', 2, 1, 5, 3, 1001),
	(16, 105, 2, '2024-10-08', 2, 1, 5, 3, 1001),
	(17, 106, 2, '2024-10-08', 2, 1, 5, 3, 1001),

	(18, 107, 3, '2024-10-16', 3, 1, 7, 3, 1004),
	(19, 108, 3, '2024-10-16', 3, 1, 7, 3, 1004),
	(20, 108, 3, '2024-10-16', 3, 1, 7, 3, 1004);


--DELETE FROM public.actual_seats_ensemble;

INSERT INTO public.actual_seats_ensemble(
	reserv_id, ensemble_id, actual_seats)
	VALUES 
	(1, 1, 9),
	(2, 2, 8),
	(3, 3, 4),
	(4, 4, 9),
	(5, 5, 3),
	(6, 6, 5),
	(7, 7, 2),
	(8, 8, 7),
	(9, 9, 6),
	(10, 10, 9),
	(11, 11, 8),
	(12, 12, 9),
	(13, 13, 5),
	(14, 14, 5),
	(15, 15, 3),
	(16, 16, 5),
	(17, 17, 3),
	(18, 18, 7),
	(19, 19, 2),
	(20, 20, 5);










--DELETE FROM public.group_lessons;	

INSERT INTO public.group_lessons(
	grouplesson_id, students_numb, data_group, time_slot_id, min_places_id, max_places_id, instrument_id, lessons_id, instructor_id)
	VALUES 
	(1, 100, '2024-09-01', 2, 1, 7, 1, 2, 1005),
	(2, 101, '2024-09-01', 2, 1, 7, 2, 2, 1005),
	(3, 102, '2024-09-01', 2, 1, 7, 1, 2, 1005),
	(4, 103, '2024-09-01', 2, 1, 7, 2, 2, 1005),
	
	(5, 104, '2024-09-08', 3, 1, 6, 3, 2, 1002),
	(6, 105, '2024-09-08', 3, 1, 6, 4, 2, 1002),
	(7, 106, '2024-09-08', 3, 1, 6, 3, 2, 1002),

	(8, 107, '2024-09-16', 4, 1, 7, 5, 2, 1003),
	(9, 108, '2024-09-16', 4, 1, 7, 6, 2, 1003),
	(10, 108, '2024-09-16', 4, 1, 7, 5, 2, 1003),

	(11, 100, '2024-10-01', 2, 1, 9, 1, 2, 1000),
	(12, 101, '2024-10-01', 2, 1, 9, 2, 2, 1000),
	(13, 102, '2024-10-01', 2, 1, 9, 1, 2, 1000),
	(14, 103, '2024-10-01', 2, 1, 9, 2, 2, 1000),
	
	(15, 104, '2024-10-08', 3, 1, 5, 3, 2, 1001),
	(16, 105, '2024-10-08', 3, 1, 5, 4, 2, 1001),
	(17, 106, '2024-10-08', 3, 1, 5, 3, 2, 1001),

	(18, 107, '2024-10-16', 4, 1, 7, 5, 2, 1004),
	(19, 108, '2024-10-16', 4, 1, 7, 6, 2, 1004),
	(20, 108, '2024-10-16', 4, 1, 7, 5, 2, 1004);



--DELETE FROM public.actual_seats_group;

INSERT INTO public.actual_seats_group(
	reserv_id, group_lessons_id, actual_seats)
	VALUES 
	(1, 1, 9),
	(2, 2, 8),
	(3, 3, 4),
	(4, 4, 9),
	(5, 5, 3),
	(6, 6, 5),
	(7, 7, 2),
	(8, 8, 7),
	(9, 9, 6),
	(10, 10, 9),
	(11, 11, 8),
	(12, 12, 9),
	(13, 13, 5),
	(14, 14, 5),
	(15, 15, 3),
	(16, 16, 5),
	(17, 17, 3),
	(18, 18, 7),
	(19, 19, 2),
	(20, 20, 5);







--DELETE FROM public.complet_lessons;

INSERT INTO public.complet_lessons(
	admin_id, lessons_id, levels_id, period_start, period_end, slot_id, student_id, instructor_id, note, price_id)
	VALUES 
	(1, 3, 0, '2024-09-01', '2024-09-01', 1, 100, 1000, 'was carried out', 7),
	(2, 3, 0, '2024-09-01', '2024-09-01', 1, 101, 1000, 'was carried out', 7),
	(3, 3, 0, '2024-09-01', '2024-09-01', 1, 102, 1000, 'was carried out', 7),
	(4, 3, 0, '2024-09-01', '2024-09-01', 1, 103, 1000, 'was carried out', 7),

	(5, 2, 0, '2024-09-01', '2024-09-01', 2, 100, 1005, 'was carried out', 6),
	(6, 2, 0, '2024-09-01', '2024-09-01', 2, 101, 1005, 'was carried out', 6),
	(7, 2, 0, '2024-09-01', '2024-09-01', 2, 102, 1005, 'was carried out', 6),
	(8, 2, 0, '2024-09-01', '2024-09-01', 2, 103, 1005, 'was carried out', 6),

	(9, 1, 1,  '2024-09-01', '2024-09-01', 3, 100, 1001, 'was carried out', 3),
	(10, 1, 1, '2024-09-04', '2024-09-04', 1, 100, 1001, 'was carried out', 3),
	(11, 1, 1, '2024-09-10', '2024-09-10', 1, 100, 1001, 'was carried out', 3),
	(12, 1, 1, '2024-09-15', '2024-09-15', 1, 100, 1001, 'was carried out', 3),
	(13, 1, 1, '2024-09-18', '2024-09-18', 1, 100, 1001, 'was carried out', 3),
	(14, 1, 1, '2024-09-20', '2024-09-20', 1, 100, 1001, 'was carried out', 3),
	(15, 1, 1, '2024-09-22', '2024-09-22', 1, 100, 1001, 'was carried out', 3),
	(16, 1, 1, '2024-09-25', '2024-09-25', 1, 100, 1001, 'was carried out', 3),
	(17, 1, 1, '2024-09-27', '2024-09-27', 1, 100, 1001, 'was carried out', 3),
	(18, 1, 1, '2024-09-29', '2024-09-29', 1, 100, 1001, 'was carried out', 3),

	(19, 1, 1, '2024-09-01', '2024-09-01', 4, 101, 1003, 'was carried out', 3),
	(20, 1, 1, '2024-09-04', '2024-09-04', 2, 101, 1003, 'was carried out', 3),
	(21, 1, 1, '2024-09-10', '2024-09-10', 2, 101, 1003, 'was carried out', 3),
	(22, 1, 1, '2024-09-15', '2024-09-15', 2, 101, 1003, 'was carried out', 3),
	(23, 1, 1, '2024-09-18', '2024-09-18', 2, 101, 1003, 'was carried out', 3),
	(24, 1, 1, '2024-09-20', '2024-09-20', 2, 101, 1003, 'was carried out', 3),
	(25, 1, 1, '2024-09-22', '2024-09-22', 2, 101, 1003, 'was carried out', 3),
	(26, 1, 1, '2024-09-25', '2024-09-25', 2, 101, 1003, 'was carried out', 3),
	(27, 1, 1, '2024-09-27', '2024-09-27', 2, 101, 1003, 'was carried out', 3),
	
	(28, 1, 1, '2024-09-01', '2024-09-01', 5, 102, 1002, 'was carried out', 3),
	(29, 1, 1, '2024-09-01', '2024-09-01', 6, 102, 1002, 'was carried out', 3),
	(30, 1, 1, '2024-09-04', '2024-09-04', 3, 102, 1002, 'was carried out', 3),
	(31, 1, 1, '2024-09-10', '2024-09-10', 3, 102, 1002, 'was carried out', 3),
	(32, 1, 1, '2024-09-15', '2024-09-15', 3, 102, 1002, 'was carried out', 3),
	(33, 1, 1, '2024-09-18', '2024-09-18', 3, 102, 1002, 'was carried out', 3),
	(34, 1, 1, '2024-09-20', '2024-09-20', 3, 102, 1002, 'was carried out', 3),
	(35, 1, 1, '2024-09-22', '2024-09-22', 3, 102, 1002, 'was carried out', 3),
	(36, 1, 1, '2024-09-25', '2024-09-25', 3, 102, 1002, 'was carried out', 3),
	(37, 1, 1, '2024-09-27', '2024-09-27', 3, 102, 1002, 'was carried out', 3),
	(38, 1, 1, '2024-09-27', '2024-09-27', 3, 102, 1002, 'was carried out', 3),

	(39, 1, 1, '2024-09-10', '2024-09-10', 4, 103, 1004, 'was carried out', 3),
	(40, 1, 1, '2024-09-10', '2024-09-10', 5, 103, 1004, 'was carried out', 3),
	(41, 1, 1, '2024-09-10', '2024-09-10', 6, 103, 1004, 'was carried out', 3),
	(42, 1, 1, '2024-09-15', '2024-09-15', 4, 103, 1004, 'was carried out', 3),
	(43, 1, 1, '2024-09-18', '2024-09-18', 4, 103, 1004, 'was carried out', 3),
	(44, 1, 1, '2024-09-20', '2024-09-20', 4, 103, 1004, 'was carried out', 3),
	(45, 1, 1, '2024-09-22', '2024-09-22', 4, 103, 1004, 'was carried out', 3),
	(46, 1, 1, '2024-09-25', '2024-09-25', 4, 103, 1004, 'was carried out', 3),
	
	(47, 1, 1, '2024-09-01', '2024-09-01', 7, 104, 1000, 'was carried out', 3),
	(48, 1, 1, '2024-09-04', '2024-09-04', 5, 104, 1000, 'was carried out', 3),
	(49, 1, 1, '2024-09-10', '2024-09-10', 5, 104, 1000, 'was carried out', 3),
	(50, 1, 1, '2024-09-15', '2024-09-15', 5, 104, 1000, 'was carried out', 3),
	(51, 1, 1, '2024-09-18', '2024-09-18', 5, 104, 1000, 'was carried out', 3),
	(52, 1, 1, '2024-09-20', '2024-09-20', 5, 104, 1000, 'was carried out', 3),
	(53, 1, 1, '2024-09-22', '2024-09-22', 5, 104, 1000, 'was carried out', 3),
	(54, 1, 1, '2024-09-25', '2024-09-25', 5, 104, 1000, 'was carried out', 3),
	(55, 1, 1, '2024-09-27', '2024-09-27', 5, 104, 1000, 'was carried out', 3),
	(56, 1, 1, '2024-09-29', '2024-09-29', 5, 104, 1000, 'was carried out', 3),

	(57, 1, 2, '2024-09-01', '2024-09-01', 8, 105, 1002, 'was carried out', 4),
	(58, 1, 2, '2024-09-04', '2024-09-04', 6, 105, 1002, 'was carried out', 4),
	(59, 1, 2, '2024-09-10', '2024-09-10', 6, 105, 1002, 'was carried out', 4),
	(60, 1, 2, '2024-09-15', '2024-09-15', 6, 105, 1002, 'was carried out', 4),

	(61, 1, 1, '2024-09-01', '2024-09-01', 9, 106, 1001, 'was carried out', 3),
	(62, 1, 1, '2024-09-04', '2024-09-04', 7, 106, 1001, 'was carried out', 3),
	(63, 1, 1, '2024-09-10', '2024-09-10', 7, 106, 1001, 'was carried out', 3),
	(64, 1, 1, '2024-09-15', '2024-09-15', 7, 106, 1001, 'was carried out', 3),
	(65, 1, 1, '2024-09-18', '2024-09-18', 7, 106, 1001, 'was carried out', 3),
	(66, 1, 1, '2024-09-20', '2024-09-20', 7, 106, 1001, 'was carried out', 3),
	(67, 1, 1, '2024-09-22', '2024-09-22', 7, 106, 1001, 'was carried out', 3),
	(68, 1, 1, '2024-09-25', '2024-09-25', 7, 106, 1001, 'was carried out', 3),

	(69, 1, 2, '2024-09-01', '2024-09-01', 10, 107, 1001, 'was carried out', 4),
	(70, 1, 2, '2024-09-04', '2024-09-04', 8, 107, 1001, 'was carried out', 4),
	(71, 1, 2, '2024-09-10', '2024-09-10', 8, 107, 1001, 'was carried out', 4),
	(72, 1, 2, '2024-09-15', '2024-09-15', 8, 107, 1001, 'was carried out', 4),
	(73, 1, 2, '2024-09-18', '2024-09-18', 8, 107, 1001, 'was carried out', 4),
	(74, 1, 2, '2024-09-20', '2024-09-20', 8, 107, 1001, 'was carried out', 4),
	(75, 1, 2, '2024-09-22', '2024-09-22', 8, 107, 1001, 'was carried out', 4),
	(76, 1, 2, '2024-09-25', '2024-09-25', 8, 107, 1001, 'was carried out', 4),
	(77, 1, 2, '2024-09-27', '2024-09-27', 8, 107, 1001, 'was carried out', 4),
	
	(78, 1, 1, '2024-09-01', '2024-09-01', 11, 108, 1001, 'was carried out', 3),
	(79, 1, 1, '2024-09-04', '2024-09-04', 9, 108, 1001, 'was carried out', 3),
	(80, 1, 1, '2024-09-10', '2024-09-10', 9, 108, 1001, 'was carried out', 3),
	(81, 1, 1, '2024-09-15', '2024-09-15', 9, 108, 1001, 'was carried out', 3),
	(82, 1, 1, '2024-09-18', '2024-09-18', 9, 108, 1001, 'was carried out', 3),
	(83, 1, 1, '2024-09-20', '2024-09-20', 9, 108, 1001, 'was carried out', 3),
	(84, 1, 1, '2024-09-22', '2024-09-22', 9, 108, 1001, 'was carried out', 3),
	(85, 1, 1, '2024-09-25', '2024-09-25', 9, 108, 1001, 'was carried out', 3),
	(86, 1, 1, '2024-09-27', '2024-09-27', 9, 108, 1001, 'was carried out', 3),

	(87, 1, 2, '2024-09-02', '2024-09-02', 1, 109, 1000, 'was carried out', 4),
	(88, 1, 2, '2024-09-04', '2024-09-04', 9, 109, 1000, 'was carried out', 4),
	(89, 1, 2, '2024-09-10', '2024-09-10', 9, 109, 1000, 'was carried out', 4),
	(90, 1, 2, '2024-09-15', '2024-09-15', 9, 109, 1000, 'was carried out', 4),
	(91, 1, 2, '2024-09-18', '2024-09-18', 9, 109, 1000, 'was carried out', 4),
	(92, 1, 2, '2024-09-20', '2024-09-20', 9, 109, 1000, 'was carried out', 4),
	(93, 1, 2, '2024-09-22', '2024-09-22', 9, 109, 1000, 'was carried out', 4),
	(94, 1, 2, '2024-09-25', '2024-09-25', 9, 109, 1000, 'was carried out', 4),
	(95, 1, 2, '2024-09-27', '2024-09-27', 9, 109, 1000, 'was carried out', 4),

	(96, 3, 0, '2024-09-08', '2024-09-08', 2, 104, 1001, 'was carried out', 7),
	(97, 3, 0, '2024-09-08', '2024-09-08', 2, 105, 1001, 'was carried out', 7),
	(98, 3, 0, '2024-09-08', '2024-09-08', 2, 106, 1001, 'was carried out', 7),
	
	(99, 3, 0, '2024-09-16', '2024-09-16', 3, 107, 1004, 'was carried out', 7),
	(100, 3, 0, '2024-09-16', '2024-09-16', 3, 108, 1004, 'was carried out', 7),
	(101, 3, 0, '2024-09-16', '2024-09-16', 3, 109, 1004, 'was carried out', 7),

	(102, 2, 0, '2024-09-08', '2024-09-08', 3, 104, 1001, 'was carried out', 6),
	(103, 2, 0, '2024-09-08', '2024-09-08', 3, 105, 1001, 'was carried out', 6),
	(104, 2, 0, '2024-09-08', '2024-09-08', 3, 106, 1001, 'was carried out', 6),
	
	(105, 2, 0, '2024-09-16', '2024-09-16', 4, 107, 1004, 'was carried out', 6),
	(106, 2, 0, '2024-09-16', '2024-09-16', 4, 108, 1004, 'was carried out', 6),
	(107, 2, 0, '2024-09-16', '2024-09-16', 4, 109, 1004, 'was carried out', 6);



--DELETE FROM public.renting_instruments;

INSERT INTO public.renting_instruments(
	renting_id, student_numb, instrum_id, period_start, period_end, mon_numb_renting, quantity_instruments, price_id)
	VALUES 
	(1, 100, 1,'2024-09-01', '2025-06-30', 10, 1, 1),
	(2, 101, 2,'2024-09-01', '2024-12-30', 4, 1, 1),
	(3, 103, 3,'2024-09-01', '2025-02-28', 6, 2, 1);


--DELETE FROM public.conditions;

INSERT INTO public.conditions(
	condition_id, instrument_id, data_start, data_end, storage_places_id, "unique serial number", cost)
	VALUES 
	(1, 1, '2024-09-01', '2025-06-30', 1, 'A0EEBC99-9C0B-4EF8-BB6D-6BB9BD380A11', 1000),
	(2, 2, '2024-09-01', '2024-12-31', 1, 'A0EEBC99-9C0B-4EF8-BB6D-6BB9BD380A12', 50000),
	(3, 3, '2024-09-01', '2025-02-28', 1, 'A0EEBC99-9C0B-4EF8-BB6D-6BB9BD380A13', 5000),
	(4, 3, '2024-09-01', '2025-02-28', 1, 'A0EEBC99-9C0B-4EF8-BB6D-6BB9BD380A14', 5000),
	(5, 3, '2024-09-01', '2025-10-31', 3, 'A0EEBC99-9C0B-4EF8-BB6D-6BB9BD380A15', 5000),
	(6, 3, '2024-09-01', '2025-09-30', 2, 'A0EEBC99-9C0B-4EF8-BB6D-6BB9BD380A16', 5000),
	(7, 3, '2024-09-01', '2025-09-01', 4, 'A0EEBC99-9C0B-4EF8-BB6D-6BB9BD380A17', 5000),
	(8, 3, '2024-09-01', '2025-12-01', 2, 'A0EEBC99-9C0B-4EF8-BB6D-6BB9BD380A18', 5000),
	(9, 2, '2024-09-01', '2025-12-31', 2, 'A0EEBC99-9C0B-4EF8-BB6D-6BB9BD380A19', 50000); 




	

--DELETE FROM public.instructor_payment;	

	INSERT INTO public.instructor_payment(
	ins_payment_id, instruktor_numb, period_start, period_end, lessons_id, levels_id, price_id, total_number_classes, total_received)
	VALUES
	(1, 1000, '2024-09-01', '2024-09-30', 1, 1, 3, 10, 1000),
	(2, 1001, '2024-09-01', '2024-09-30', 1, 1, 3, 27, 2700),
	(3, 1002, '2024-09-01', '2024-09-30', 1, 1, 3, 11, 1100),
	(4, 1003, '2024-09-01', '2024-09-30', 1, 1, 3, 9, 900),
	(5, 1004, '2024-09-01', '2024-09-30', 1, 1, 3, 8, 800),
	(6, 1005, '2024-09-01', '2024-09-30', 1, 1, 3, 0, 0),

	(7, 1000, '2024-09-01', '2024-09-30', 1, 2, 4, 9, 900),
	(8, 1001, '2024-09-01', '2024-09-30', 1, 2, 4, 9, 900),
	(9, 1002, '2024-09-01', '2024-09-30', 1, 2, 4, 4, 400),
	(10, 1003, '2024-09-01', '2024-09-30', 1, 2, 4, 0, 0),
	(11, 1004, '2024-09-01', '2024-09-30', 1, 2, 4, 0, 0),
	(12, 1005, '2024-09-01', '2024-09-30', 1, 2, 4, 0, 0),

	(13, 1000, '2024-09-01', '2024-09-30', 2, 0, 6, 0, 0),
	(14, 1001, '2024-09-01', '2024-09-30', 2, 0, 6, 3, 150),
	(15, 1002, '2024-09-01', '2024-09-30', 2, 0, 6, 0, 0),
	(16, 1003, '2024-09-01', '2024-09-30', 2, 0, 6, 0, 0),
	(17, 1004, '2024-09-01', '2024-09-30', 2, 0, 6, 3, 150),
	(18, 1005, '2024-09-01', '2024-09-30', 2, 0, 6, 4, 200),

	(19, 1000, '2024-09-01', '2024-09-30', 3, 0, 7, 4, 240),
	(20, 1001, '2024-09-01', '2024-09-30', 3, 0, 7, 3, 180),
	(21, 1002, '2024-09-01', '2024-09-30', 3, 0, 7, 0, 0),
	(22, 1003, '2024-09-01', '2024-09-30', 3, 0, 7, 0, 0),
	(23, 1004, '2024-09-01', '2024-09-30', 3, 0, 7, 3, 180),
	(24, 1005, '2024-09-01', '2024-09-30', 3, 0, 7, 0, 0);


	

--DELETE FROM public.student_payment;

	INSERT INTO public.student_payment(
	st_payment_id, student_numb, period_start, period_end, lessons_id, levels_id, price_id, sibling_price_id, total_numb_classes, total_paid)
	VALUES 
	(1, 100, '2024-09-01', '2024-09-30', 1, 1, 3, 0.05, 10, 950),
	(2, 101, '2024-09-01', '2024-09-30', 1, 1, 3, 0.05, 9, 855),
	(3, 102, '2024-09-01', '2024-09-30', 1, 1, 3, 0, 11, 1100),
	(4, 103, '2024-09-01', '2024-09-30', 1, 1, 3, 0, 8, 800),
	(5, 104, '2024-09-01', '2024-09-30', 1, 1, 3, 0.1, 10, 900),
	(6, 105, '2024-09-01', '2024-09-30', 1, 1, 3, 0.1, 0, 0),
	(7, 106, '2024-09-01', '2024-09-30', 1, 1, 3, 0.1, 8, 720),
	(8, 107, '2024-09-01', '2024-09-30', 1, 1, 3, 0, 0, 0),
	(9, 108, '2024-09-01', '2024-09-30', 1, 1, 3, 0, 9, 900),
	(10, 109, '2024-09-01', '2024-09-30', 1, 1, 3, 0, 0, 0),
	
	(11, 100, '2024-09-01', '2024-09-30', 1, 2, 4, 0.05, 0, 0),
	(12, 101, '2024-09-01', '2024-09-30', 1, 2, 4, 0.05, 0, 0),
	(13, 102, '2024-09-01', '2024-09-30', 1, 2, 4, 0, 0, 0),
	(14, 103, '2024-09-01', '2024-09-30', 1, 2, 4, 0, 0, 0),
	(15, 104, '2024-09-01', '2024-09-30', 1, 2, 4, 0.1, 0, 0),
	(16, 105, '2024-09-01', '2024-09-30', 1, 2, 4, 0.1, 4, 360),
	(17, 106, '2024-09-01', '2024-09-30', 1, 2, 4, 0.1, 0, 0),
	(18, 107, '2024-09-01', '2024-09-30', 1, 2, 4, 0, 9, 900),
	(19, 108, '2024-09-01', '2024-09-30', 1, 2, 4, 0, 0, 0),
	(20, 109, '2024-09-01', '2024-09-30', 1, 2, 4, 0, 9, 900),

	(21, 100, '2024-09-01', '2024-09-30', 2, 0, 6, 0.05, 1, 47.5),
	(22, 101, '2024-09-01', '2024-09-30', 2, 0, 6, 0.05, 1, 47.5),
	(23, 102, '2024-09-01', '2024-09-30', 2, 0, 6, 0, 1, 50),
	(24, 103, '2024-09-01', '2024-09-30', 2, 0, 6, 0, 1, 50),
	(25, 104, '2024-09-01', '2024-09-30', 2, 0, 6, 0.1, 1, 45),
	(26, 105, '2024-09-01', '2024-09-30', 2, 0, 6, 0.1, 1, 45),
	(27, 106, '2024-09-01', '2024-09-30', 2, 0, 6, 0.1, 1, 45),
	(28, 107, '2024-09-01', '2024-09-30', 2, 0, 6, 0, 1, 50),
	(29, 108, '2024-09-01', '2024-09-30', 2, 0, 6, 0, 1, 50),
	(30, 109, '2024-09-01', '2024-09-30', 2, 0, 6, 0, 1, 50),

	(31, 100, '2024-09-01', '2024-09-30', 3, 0, 7, 0.05, 1, 57),
	(32, 101, '2024-09-01', '2024-09-30', 3, 0, 7, 0.05, 1, 57),
	(33, 102, '2024-09-01', '2024-09-30', 3, 0, 7, 0, 1, 60),
	(34, 103, '2024-09-01', '2024-09-30', 3, 0, 7, 0, 1, 60),
	(35, 104, '2024-09-01', '2024-09-30', 3, 0, 7, 0.1, 1, 53),
	(36, 105, '2024-09-01', '2024-09-30', 3, 0, 7, 0.1, 1, 53),
	(37, 106, '2024-09-01', '2024-09-30', 3, 0, 7, 0.1, 1, 53),
	(38, 107, '2024-09-01', '2024-09-30', 3, 0, 7, 0, 1, 60),
	(39, 108, '2024-09-01', '2024-09-30', 3, 0, 7, 0, 1, 60),
	(40, 109, '2024-09-01', '2024-09-30', 3, 0, 7, 0, 1, 60);
	